
CREATE DATABASE [CuaHangHoa2]
 CONTAINMENT = NONE
 ON  PRIMARY 
( NAME = N'CuaHangHoa2', FILENAME = N'C:\Program Files\Microsoft SQL Server\MSSQL15.SQLEXPRESS\MSSQL\DATA\CuaHangHoa2.mdf' , SIZE = 8192KB , MAXSIZE = UNLIMITED, FILEGROWTH = 65536KB )
 LOG ON 
( NAME = N'CuaHangHoa2_log', FILENAME = N'C:\Program Files\Microsoft SQL Server\MSSQL15.SQLEXPRESS\MSSQL\DATA\CuaHangHoa2_log.ldf' , SIZE = 8192KB , MAXSIZE = 2048GB , FILEGROWTH = 65536KB )
 WITH CATALOG_COLLATION = DATABASE_DEFAULT
GO
ALTER DATABASE [CuaHangHoa2] SET COMPATIBILITY_LEVEL = 150
GO
IF (1 = FULLTEXTSERVICEPROPERTY('IsFullTextInstalled'))
begin
EXEC [CuaHangHoa2].[dbo].[sp_fulltext_database] @action = 'enable'
end
GO
ALTER DATABASE [CuaHangHoa2] SET ANSI_NULL_DEFAULT OFF 
GO
ALTER DATABASE [CuaHangHoa2] SET ANSI_NULLS OFF 
GO
ALTER DATABASE [CuaHangHoa2] SET ANSI_PADDING OFF 
GO
ALTER DATABASE [CuaHangHoa2] SET ANSI_WARNINGS OFF 
GO
ALTER DATABASE [CuaHangHoa2] SET ARITHABORT OFF 
GO
ALTER DATABASE [CuaHangHoa2] SET AUTO_CLOSE ON 
GO
ALTER DATABASE [CuaHangHoa2] SET AUTO_SHRINK OFF 
GO
ALTER DATABASE [CuaHangHoa2] SET AUTO_UPDATE_STATISTICS ON 
GO
ALTER DATABASE [CuaHangHoa2] SET CURSOR_CLOSE_ON_COMMIT OFF 
GO
ALTER DATABASE [CuaHangHoa2] SET CURSOR_DEFAULT  GLOBAL 
GO
ALTER DATABASE [CuaHangHoa2] SET CONCAT_NULL_YIELDS_NULL OFF 
GO
ALTER DATABASE [CuaHangHoa2] SET NUMERIC_ROUNDABORT OFF 
GO
ALTER DATABASE [CuaHangHoa2] SET QUOTED_IDENTIFIER OFF 
GO
ALTER DATABASE [CuaHangHoa2] SET RECURSIVE_TRIGGERS OFF 
GO
ALTER DATABASE [CuaHangHoa2] SET  ENABLE_BROKER 
GO
ALTER DATABASE [CuaHangHoa2] SET AUTO_UPDATE_STATISTICS_ASYNC OFF 
GO
ALTER DATABASE [CuaHangHoa2] SET DATE_CORRELATION_OPTIMIZATION OFF 
GO
ALTER DATABASE [CuaHangHoa2] SET TRUSTWORTHY OFF 
GO
ALTER DATABASE [CuaHangHoa2] SET ALLOW_SNAPSHOT_ISOLATION OFF 
GO
ALTER DATABASE [CuaHangHoa2] SET PARAMETERIZATION SIMPLE 
GO
ALTER DATABASE [CuaHangHoa2] SET READ_COMMITTED_SNAPSHOT OFF 
GO
ALTER DATABASE [CuaHangHoa2] SET HONOR_BROKER_PRIORITY OFF 
GO
ALTER DATABASE [CuaHangHoa2] SET RECOVERY SIMPLE 
GO
ALTER DATABASE [CuaHangHoa2] SET  MULTI_USER 
GO
ALTER DATABASE [CuaHangHoa2] SET PAGE_VERIFY CHECKSUM  
GO
ALTER DATABASE [CuaHangHoa2] SET DB_CHAINING OFF 
GO
ALTER DATABASE [CuaHangHoa2] SET FILESTREAM( NON_TRANSACTED_ACCESS = OFF ) 
GO
ALTER DATABASE [CuaHangHoa2] SET TARGET_RECOVERY_TIME = 60 SECONDS 
GO
ALTER DATABASE [CuaHangHoa2] SET DELAYED_DURABILITY = DISABLED 
GO
ALTER DATABASE [CuaHangHoa2] SET ACCELERATED_DATABASE_RECOVERY = OFF  
GO
ALTER DATABASE [CuaHangHoa2] SET QUERY_STORE = OFF
GO
USE [CuaHangHoa2]
GO

SET ANSI_NULLS ON
GO
SET QUOTED_IDENTIFIER ON
GO
CREATE TABLE [dbo].[ChiTietHoaDon](
	[MaHoa] [varchar](15) NOT NULL,
	[MaHoaDon] [varchar](15) NOT NULL,
	[SoLuong] [int] NULL,
	[DonGia] [float] NULL,
 CONSTRAINT [PK_ChiTietHoaDon] PRIMARY KEY CLUSTERED 
(
	[MaHoa] ASC,
	[MaHoaDon] ASC
)WITH (PAD_INDEX = OFF, STATISTICS_NORECOMPUTE = OFF, IGNORE_DUP_KEY = OFF, ALLOW_ROW_LOCKS = ON, ALLOW_PAGE_LOCKS = ON, OPTIMIZE_FOR_SEQUENTIAL_KEY = OFF) ON [PRIMARY]
) ON [PRIMARY]
GO

SET ANSI_NULLS ON
GO
SET QUOTED_IDENTIFIER ON
GO
CREATE TABLE [dbo].[Hoa](
	[MaHoa] [varchar](15) NOT NULL,
	[TenHoa] [nvarchar](30) NULL,
	[GiaGoc] [float] NULL,
	[GiaBan] [float] NULL,
	[SoLuongTon] [int] NULL,
	[MaLoai] [varchar](15) NULL,
PRIMARY KEY CLUSTERED 
(
	[MaHoa] ASC
)WITH (PAD_INDEX = OFF, STATISTICS_NORECOMPUTE = OFF, IGNORE_DUP_KEY = OFF, ALLOW_ROW_LOCKS = ON, ALLOW_PAGE_LOCKS = ON, OPTIMIZE_FOR_SEQUENTIAL_KEY = OFF) ON [PRIMARY]
) ON [PRIMARY]
GO
/****** Object:  Table [dbo].[HoaDon]    Script Date: 7/26/2022 3:17:42 PM ******/
SET ANSI_NULLS ON
GO
SET QUOTED_IDENTIFIER ON
GO
CREATE TABLE [dbo].[HoaDon](
	[MaHoaDon] [varchar](15) NOT NULL,
	[NgayLap] [datetime] NULL,
	[MaNv] [varchar](15) NULL,
	[MaKh] [varchar](15) NULL,
PRIMARY KEY CLUSTERED 
(
	[MaHoaDon] ASC
)WITH (PAD_INDEX = OFF, STATISTICS_NORECOMPUTE = OFF, IGNORE_DUP_KEY = OFF, ALLOW_ROW_LOCKS = ON, ALLOW_PAGE_LOCKS = ON, OPTIMIZE_FOR_SEQUENTIAL_KEY = OFF) ON [PRIMARY]
) ON [PRIMARY]
GO
/****** Object:  Table [dbo].[KhachHang]    Script Date: 7/26/2022 3:17:42 PM ******/
SET ANSI_NULLS ON
GO
SET QUOTED_IDENTIFIER ON
GO
CREATE TABLE [dbo].[KhachHang](
	[MaKh] [varchar](15) NOT NULL,
	[TenKh] [nvarchar](30) NULL,
	[SDT] [char](15) NULL,
PRIMARY KEY CLUSTERED 
(
	[MaKh] ASC
)WITH (PAD_INDEX = OFF, STATISTICS_NORECOMPUTE = OFF, IGNORE_DUP_KEY = OFF, ALLOW_ROW_LOCKS = ON, ALLOW_PAGE_LOCKS = ON, OPTIMIZE_FOR_SEQUENTIAL_KEY = OFF) ON [PRIMARY]
) ON [PRIMARY]
GO
/****** Object:  Table [dbo].[LoaiHoa]    Script Date: 7/26/2022 3:17:42 PM ******/
SET ANSI_NULLS ON
GO
SET QUOTED_IDENTIFIER ON
GO
CREATE TABLE [dbo].[LoaiHoa](
	[MaLoai] [varchar](15) NOT NULL,
	[TenLoai] [nvarchar](30) NULL,
PRIMARY KEY CLUSTERED 
(
	[MaLoai] ASC
)WITH (PAD_INDEX = OFF, STATISTICS_NORECOMPUTE = OFF, IGNORE_DUP_KEY = OFF, ALLOW_ROW_LOCKS = ON, ALLOW_PAGE_LOCKS = ON, OPTIMIZE_FOR_SEQUENTIAL_KEY = OFF) ON [PRIMARY]
) ON [PRIMARY]
GO
/****** Object:  Table [dbo].[NhanVien]    Script Date: 7/26/2022 3:17:42 PM ******/
SET ANSI_NULLS ON
GO
SET QUOTED_IDENTIFIER ON
GO
CREATE TABLE [dbo].[NhanVien](
	[MaNv] [varchar](15) NOT NULL,
	[TenNv] [nvarchar](30) NULL,
	[SDT] [char](15) NULL,
	[TenTaiKhoan] [varchar](20) NOT NULL,
	[MatKhau] [varchar](20) NOT NULL,
	[LoaiTaiKhoan] [varchar](10) NOT NULL,
PRIMARY KEY CLUSTERED 
(
	[MaNv] ASC
)WITH (PAD_INDEX = OFF, STATISTICS_NORECOMPUTE = OFF, IGNORE_DUP_KEY = OFF, ALLOW_ROW_LOCKS = ON, ALLOW_PAGE_LOCKS = ON, OPTIMIZE_FOR_SEQUENTIAL_KEY = OFF) ON [PRIMARY]
) ON [PRIMARY]
GO
ALTER TABLE [dbo].[ChiTietHoaDon]  WITH CHECK ADD FOREIGN KEY([MaHoa])
REFERENCES [dbo].[Hoa] ([MaHoa])
on delete cascade 
on update cascade
GO
ALTER TABLE [dbo].[ChiTietHoaDon]  WITH CHECK ADD FOREIGN KEY([MaHoaDon])
REFERENCES [dbo].[HoaDon] ([MaHoaDon])
on delete cascade 
on update cascade
GO
ALTER TABLE [dbo].[Hoa]  WITH CHECK ADD FOREIGN KEY([MaLoai])
REFERENCES [dbo].[LoaiHoa] ([MaLoai])
on delete cascade 
on update cascade
GO
ALTER TABLE [dbo].[HoaDon]  WITH CHECK ADD FOREIGN KEY([MaKh])
REFERENCES [dbo].[KhachHang] ([MaKh])
on delete cascade 
on update cascade
GO
ALTER TABLE [dbo].[HoaDon]  WITH CHECK ADD FOREIGN KEY([MaNv])
REFERENCES [dbo].[NhanVien] ([MaNv])
on delete cascade 
on update cascade
GO

INSERT INTO LoaiHoa VALUES('001', N'HOA TƯƠI')
INSERT INTO LoaiHoa VALUES('002',N'HOA SÁP')

INSERT INTO Hoa VALUES('H001',N'HOA HỒNG', 30000 ,50000 ,100,'001')
INSERT INTO Hoa VALUES('H002',N'HOA HỒNG', 25000 ,40000 ,150,'002')
INSERT INTO Hoa VALUES('H003',N'HOA LY', 45000 ,60000 ,200,'001')
INSERT INTO Hoa VALUES('H004',N'HOA LY', 50000 ,80000 ,230,'002')
INSERT INTO Hoa VALUES('H005',N'HOA CẨM CHƯỚNG', 36000 ,45000 ,76,'001')
INSERT INTO Hoa VALUES('H006',N'HOA CẨM CHƯỚNG', 40000 ,50000 ,68,'002')
INSERT INTO Hoa VALUES('H007',N'HOA CÚC', 30000 ,50000 ,300,'001')
INSERT INTO Hoa VALUES('H008',N'HOA CÚC', 34000 ,56000,245,'002')
INSERT INTO Hoa VALUES('H009',N'HOA ĐỒNG TIỀN', 26000 ,33000 ,112,'001')
INSERT INTO Hoa VALUES('H0010',N'HOA ĐỒNG TIỀN',30000 ,37000 ,100,'002')
INSERT INTO Hoa VALUES('H0011',N'HOA SEN', 42000 ,50000 ,98,'001')
INSERT INTO Hoa VALUES('H0012',N'HOA SEN', 45000 ,55000 ,100,'002')

INSERT INTO NhanVien VALUES('N001',N'Lê Hoàng Nam','0939878987','hoangnamle123','hoangnam234',0)
INSERT INTO NhanVien VALUES('N002',N'Mai Thị Quế Anh','0935783898','maithiqueanh090','0123456789',1)
INSERT INTO NhanVien VALUES('N003',N'Lê Văn Sáng','0975288965','sangsang454','s0975288965',1)
INSERT INTO NhanVien VALUES('N004',N'Nguyễn Bích Hằng','097723278466','nguyenbichhanggg','nguyenbichhang0123',1)
INSERT INTO NhanVien VALUES('N005',N'Ngô Hoàng Nhật Lệ','0933815659','leprovv','ngohoanglenhat',1)
INSERT INTO NhanVien VALUES('N006',N'Trần Hữu Minh','0966327795','anhhuuminh9999','tranminhhuu123',1)
INSERT INTO NhanVien VALUES('N007',N'Trần Thị Thu Huệ','0988454623','huehue123','hue0988454623',1)


INSERT INTO KhachHang VALUES('K001',N'Trần Hoàng','0966285587')
INSERT INTO KhachHang VALUES('K002',N'Nguyễn Thị Thanh Thúy','0906052323')
INSERT INTO KhachHang VALUES('K003',N'Trần Văn Vinh','0966285587')
INSERT INTO KhachHang VALUES('K004',N'Vũ Thị Thanh Tuyết','0909060512')
INSERT INTO KhachHang VALUES('K005',N'Trần Thị Tuyết','0966285587')
INSERT INTO KhachHang VALUES('K006',N'Trần Đức Tiên','0966285587')
INSERT INTO KhachHang VALUES('K007',N'Trần Mạnh Thiên','0906052323')
INSERT INTO KhachHang VALUES('K008',N'Nguyễn Cao Kiều Diễm','0865299626')
INSERT INTO KhachHang VALUES('K009',N'Vũ Thị Hoàn Hảo','0966285587')
INSERT INTO KhachHang VALUES('K0010',N'Lê Văn Luyện','0966285587')


set dateformat DMY
INSERT INTO HoaDon VALUES('B001','13/02/2022','N006' ,'K001' )
INSERT INTO HoaDon VALUES('B002','13/02/2022','N001' ,'K002' )
INSERT INTO HoaDon VALUES('B003','14/02/2022','N002' ,'K002' )
INSERT INTO HoaDon VALUES('B004','20/03/2022','N004' ,'K005' )
INSERT INTO HoaDon VALUES('B005','02/05/2022','N006' ,'K001' )
INSERT INTO HoaDon VALUES('B006','12/05/2022','N001' ,'K006' )
INSERT INTO HoaDon VALUES('B007','15/05/2022','N001' ,'K004' )
INSERT INTO HoaDon VALUES('B008','19/05/2022','N003' ,'K007' )
INSERT INTO HoaDon VALUES('B009','01/06/2022','N004' ,'K003' )
INSERT INTO HoaDon VALUES('B0010','04/06/2022','N007' ,'K003' )
INSERT INTO HoaDon VALUES('B0011','11/06/2022','N002' ,'K001' )
INSERT INTO HoaDon VALUES('B0012','07/09/2022','N001' ,'K002' )


INSERT INTO ChiTietHoaDon VALUES('H007','B001',2 , NULL)
INSERT INTO ChiTietHoaDon VALUES('H002','B001',12 , NULL)
INSERT INTO ChiTietHoaDon VALUES('H0011','B001',20 , NULL)
INSERT INTO ChiTietHoaDon VALUES('H009','B002',13 , NULL)
INSERT INTO ChiTietHoaDon VALUES('H007','B003',24, NULL)
INSERT INTO ChiTietHoaDon VALUES('H001','B003',42 , NULL)
INSERT INTO ChiTietHoaDon VALUES('H002','B004',14, NULL)
INSERT INTO ChiTietHoaDon VALUES('H007','B005',5, NULL)
INSERT INTO ChiTietHoaDon VALUES('H004','B006',68 , NULL)
INSERT INTO ChiTietHoaDon VALUES('H003','B006',35 , NULL)
INSERT INTO ChiTietHoaDon VALUES('H004','B007',33 , NULL)
INSERT INTO ChiTietHoaDon VALUES('H005','B008',20, NULL)
INSERT INTO ChiTietHoaDon VALUES('H007','B009',21, NULL)
INSERT INTO ChiTietHoaDon VALUES('H002','B0010',32 , NULL)
INSERT INTO ChiTietHoaDon VALUES('H0010','B0010',16 , NULL)
INSERT INTO ChiTietHoaDon VALUES('H0012','B0011',45, NULL)
INSERT INTO ChiTietHoaDon VALUES('H001','B0011',11, NULL)
INSERT INTO ChiTietHoaDon VALUES('H002','B0012',20, NULL)

 
 
 
